"rep","n_positive","n_null","n_total","power"
1,50,950,1000,0.1
2,50,950,1000,0.04
3,50,950,1000,0.12
4,50,950,1000,0.08
5,50,950,1000,0.08
6,50,950,1000,0.1
7,50,950,1000,0.08
8,50,950,1000,0.1
9,50,950,1000,0.16
10,50,950,1000,0.08
11,50,950,1000,0.1
12,50,950,1000,0.06
13,50,950,1000,0.06
14,50,950,1000,0.06
15,50,950,1000,0.2
16,50,950,1000,0.1
17,50,950,1000,0.14
18,50,950,1000,0.02
19,50,950,1000,0.14
20,50,950,1000,0.06
21,50,950,1000,0.16
22,50,950,1000,0.1
23,50,950,1000,0.18
24,50,950,1000,0.16
25,50,950,1000,0.1
26,50,950,1000,0.1
27,50,950,1000,0.1
28,50,950,1000,0.06
29,50,950,1000,0.16
30,50,950,1000,0.14
31,50,950,1000,0.16
32,50,950,1000,0.08
33,50,950,1000,0.1
34,50,950,1000,0.04
35,50,950,1000,0.14
36,50,950,1000,0.12
37,50,950,1000,0.08
38,50,950,1000,0.12
39,50,950,1000,0.06
40,50,950,1000,0.12
41,50,950,1000,0.2
42,50,950,1000,0.16
43,50,950,1000,0.06
44,50,950,1000,0.1
45,50,950,1000,0.08
46,50,950,1000,0.06
47,50,950,1000,0.06
48,50,950,1000,0.06
49,50,950,1000,0.1
50,50,950,1000,0.04
51,50,950,1000,0.12
52,50,950,1000,0.14
53,50,950,1000,0.14
54,50,950,1000,0.12
55,50,950,1000,0.06
56,50,950,1000,0.04
57,50,950,1000,0.1
58,50,950,1000,0.1
59,50,950,1000,0.12
60,50,950,1000,0.06
61,50,950,1000,0.22
62,50,950,1000,0.06
63,50,950,1000,0.1
64,50,950,1000,0.1
65,50,950,1000,0.12
66,50,950,1000,0.16
67,50,950,1000,0.12
68,50,950,1000,0
69,50,950,1000,0.04
70,50,950,1000,0.08
71,50,950,1000,0.12
72,50,950,1000,0.04
73,50,950,1000,0.14
74,50,950,1000,0.16
75,50,950,1000,0.16
76,50,950,1000,0.14
77,50,950,1000,0.08
78,50,950,1000,0.18
79,50,950,1000,0.14
80,50,950,1000,0.08
81,50,950,1000,0.2
82,50,950,1000,0.06
83,50,950,1000,0.1
84,50,950,1000,0.08
85,50,950,1000,0.06
86,50,950,1000,0.1
87,50,950,1000,0.14
88,50,950,1000,0.1
89,50,950,1000,0.14
90,50,950,1000,0.1
91,50,950,1000,0.18
92,50,950,1000,0.04
93,50,950,1000,0.12
94,50,950,1000,0.12
95,50,950,1000,0.1
96,50,950,1000,0.14
97,50,950,1000,0.12
98,50,950,1000,0.02
99,50,950,1000,0.12
100,50,950,1000,0.08
101,50,950,1000,0.1
102,50,950,1000,0.08
103,50,950,1000,0.12
104,50,950,1000,0.1
105,50,950,1000,0.1
106,50,950,1000,0.12
107,50,950,1000,0.14
108,50,950,1000,0.08
109,50,950,1000,0.14
110,50,950,1000,0.12
111,50,950,1000,0.08
112,50,950,1000,0.1
113,50,950,1000,0.08
114,50,950,1000,0.18
115,50,950,1000,0.04
116,50,950,1000,0.08
117,50,950,1000,0
118,50,950,1000,0.06
119,50,950,1000,0.1
120,50,950,1000,0.08
121,50,950,1000,0.16
122,50,950,1000,0.08
123,50,950,1000,0.04
124,50,950,1000,0.06
125,50,950,1000,0.12
126,50,950,1000,0.04
127,50,950,1000,0.08
128,50,950,1000,0.2
129,50,950,1000,0.18
130,50,950,1000,0.08
131,50,950,1000,0.04
132,50,950,1000,0.12
133,50,950,1000,0.12
134,50,950,1000,0.06
135,50,950,1000,0.08
136,50,950,1000,0.08
137,50,950,1000,0.1
138,50,950,1000,0.1
139,50,950,1000,0.1
140,50,950,1000,0.12
141,50,950,1000,0.16
142,50,950,1000,0.14
143,50,950,1000,0.02
144,50,950,1000,0.02
145,50,950,1000,0.04
146,50,950,1000,0.08
147,50,950,1000,0.1
148,50,950,1000,0.2
149,50,950,1000,0.08
150,50,950,1000,0.04
151,50,950,1000,0.18
152,50,950,1000,0.08
153,50,950,1000,0.08
154,50,950,1000,0.14
155,50,950,1000,0.1
156,50,950,1000,0.02
157,50,950,1000,0.08
158,50,950,1000,0.08
159,50,950,1000,0.14
160,50,950,1000,0.08
161,50,950,1000,0.1
162,50,950,1000,0.06
163,50,950,1000,0.14
164,50,950,1000,0.08
165,50,950,1000,0.08
166,50,950,1000,0.16
167,50,950,1000,0.12
168,50,950,1000,0
169,50,950,1000,0.14
170,50,950,1000,0.16
171,50,950,1000,0.08
172,50,950,1000,0.12
173,50,950,1000,0.08
174,50,950,1000,0.1
175,50,950,1000,0.14
176,50,950,1000,0.08
177,50,950,1000,0.04
178,50,950,1000,0.12
179,50,950,1000,0.16
180,50,950,1000,0
181,50,950,1000,0.08
182,50,950,1000,0.08
183,50,950,1000,0.12
184,50,950,1000,0.08
185,50,950,1000,0.08
186,50,950,1000,0.06
187,50,950,1000,0.12
188,50,950,1000,0.18
189,50,950,1000,0.1
190,50,950,1000,0.02
191,50,950,1000,0.08
192,50,950,1000,0.08
193,50,950,1000,0.18
194,50,950,1000,0.08
195,50,950,1000,0.1
196,50,950,1000,0.1
197,50,950,1000,0.04
198,50,950,1000,0.06
199,50,950,1000,0.14
200,50,950,1000,0.06
1,100,1900,2000,0.06
2,100,1900,2000,0.06
3,100,1900,2000,0.12
4,100,1900,2000,0.1
5,100,1900,2000,0.1
6,100,1900,2000,0.07
7,100,1900,2000,0.08
8,100,1900,2000,0.05
9,100,1900,2000,0.09
10,100,1900,2000,0.08
11,100,1900,2000,0.08
12,100,1900,2000,0.06
13,100,1900,2000,0.03
14,100,1900,2000,0.08
15,100,1900,2000,0.09
16,100,1900,2000,0.09
17,100,1900,2000,0.11
18,100,1900,2000,0.03
19,100,1900,2000,0.11
20,100,1900,2000,0.1
21,100,1900,2000,0.11
22,100,1900,2000,0.05
23,100,1900,2000,0.1
24,100,1900,2000,0.11
25,100,1900,2000,0.09
26,100,1900,2000,0.07
27,100,1900,2000,0.1
28,100,1900,2000,0.11
29,100,1900,2000,0.16
30,100,1900,2000,0.11
31,100,1900,2000,0.09
32,100,1900,2000,0.09
33,100,1900,2000,0.08
34,100,1900,2000,0.07
35,100,1900,2000,0.12
36,100,1900,2000,0.11
37,100,1900,2000,0.09
38,100,1900,2000,0.08
39,100,1900,2000,0.1
40,100,1900,2000,0.09
41,100,1900,2000,0.18
42,100,1900,2000,0.11
43,100,1900,2000,0.05
44,100,1900,2000,0.09
45,100,1900,2000,0.06
46,100,1900,2000,0.06
47,100,1900,2000,0.06
48,100,1900,2000,0.05
49,100,1900,2000,0.1
50,100,1900,2000,0.08
51,100,1900,2000,0.15
52,100,1900,2000,0.14
53,100,1900,2000,0.16
54,100,1900,2000,0.08
55,100,1900,2000,0.11
56,100,1900,2000,0.04
57,100,1900,2000,0.07
58,100,1900,2000,0.11
59,100,1900,2000,0.09
60,100,1900,2000,0.08
61,100,1900,2000,0.17
62,100,1900,2000,0.07
63,100,1900,2000,0.1
64,100,1900,2000,0.11
65,100,1900,2000,0.07
66,100,1900,2000,0.11
67,100,1900,2000,0.13
68,100,1900,2000,0.01
69,100,1900,2000,0.04
70,100,1900,2000,0.14
71,100,1900,2000,0.08
72,100,1900,2000,0.05
73,100,1900,2000,0.1
74,100,1900,2000,0.13
75,100,1900,2000,0.11
76,100,1900,2000,0.05
77,100,1900,2000,0.07
78,100,1900,2000,0.15
79,100,1900,2000,0.08
80,100,1900,2000,0.07
81,100,1900,2000,0.15
82,100,1900,2000,0.07
83,100,1900,2000,0.09
84,100,1900,2000,0.07
85,100,1900,2000,0.08
86,100,1900,2000,0.08
87,100,1900,2000,0.12
88,100,1900,2000,0.1
89,100,1900,2000,0.14
90,100,1900,2000,0.08
91,100,1900,2000,0.1
92,100,1900,2000,0.1
93,100,1900,2000,0.1
94,100,1900,2000,0.08
95,100,1900,2000,0.12
96,100,1900,2000,0.09
97,100,1900,2000,0.1
98,100,1900,2000,0.04
99,100,1900,2000,0.12
100,100,1900,2000,0.08
101,100,1900,2000,0.12
102,100,1900,2000,0.03
103,100,1900,2000,0.1
104,100,1900,2000,0.12
105,100,1900,2000,0.11
106,100,1900,2000,0.11
107,100,1900,2000,0.12
108,100,1900,2000,0.08
109,100,1900,2000,0.08
110,100,1900,2000,0.11
111,100,1900,2000,0.08
112,100,1900,2000,0.1
113,100,1900,2000,0.12
114,100,1900,2000,0.14
115,100,1900,2000,0.05
116,100,1900,2000,0.09
117,100,1900,2000,0.05
118,100,1900,2000,0.04
119,100,1900,2000,0.1
120,100,1900,2000,0.03
121,100,1900,2000,0.14
122,100,1900,2000,0.12
123,100,1900,2000,0.09
124,100,1900,2000,0.06
125,100,1900,2000,0.16
126,100,1900,2000,0.1
127,100,1900,2000,0.1
128,100,1900,2000,0.16
129,100,1900,2000,0.12
130,100,1900,2000,0.08
131,100,1900,2000,0.05
132,100,1900,2000,0.09
133,100,1900,2000,0.05
134,100,1900,2000,0.07
135,100,1900,2000,0.08
136,100,1900,2000,0.06
137,100,1900,2000,0.08
138,100,1900,2000,0.06
139,100,1900,2000,0.11
140,100,1900,2000,0.09
141,100,1900,2000,0.14
142,100,1900,2000,0.12
143,100,1900,2000,0.09
144,100,1900,2000,0.03
145,100,1900,2000,0.06
146,100,1900,2000,0.08
147,100,1900,2000,0.09
148,100,1900,2000,0.16
149,100,1900,2000,0.11
150,100,1900,2000,0.05
151,100,1900,2000,0.13
152,100,1900,2000,0.06
153,100,1900,2000,0.08
154,100,1900,2000,0.12
155,100,1900,2000,0.13
156,100,1900,2000,0.01
157,100,1900,2000,0.06
158,100,1900,2000,0.09
159,100,1900,2000,0.12
160,100,1900,2000,0.06
161,100,1900,2000,0.09
162,100,1900,2000,0.04
163,100,1900,2000,0.08
164,100,1900,2000,0.05
165,100,1900,2000,0.06
166,100,1900,2000,0.13
167,100,1900,2000,0.09
168,100,1900,2000,0.12
169,100,1900,2000,0.1
170,100,1900,2000,0.08
171,100,1900,2000,0.08
172,100,1900,2000,0.08
173,100,1900,2000,0.05
174,100,1900,2000,0.07
175,100,1900,2000,0.1
176,100,1900,2000,0.06
177,100,1900,2000,0.03
178,100,1900,2000,0.09
179,100,1900,2000,0.12
180,100,1900,2000,0.03
181,100,1900,2000,0.06
182,100,1900,2000,0.06
183,100,1900,2000,0.04
184,100,1900,2000,0.07
185,100,1900,2000,0.09
186,100,1900,2000,0.03
187,100,1900,2000,0.03
188,100,1900,2000,0.13
189,100,1900,2000,0.1
190,100,1900,2000,0.08
191,100,1900,2000,0.07
192,100,1900,2000,0.06
193,100,1900,2000,0.15
194,100,1900,2000,0.06
195,100,1900,2000,0.1
196,100,1900,2000,0.1
197,100,1900,2000,0.07
198,100,1900,2000,0.05
199,100,1900,2000,0.12
200,100,1900,2000,0.09
1,200,3800,4000,0.09
2,200,3800,4000,0.055
3,200,3800,4000,0.12
4,200,3800,4000,0.105
5,200,3800,4000,0.075
6,200,3800,4000,0.055
7,200,3800,4000,0.075
8,200,3800,4000,0.06
9,200,3800,4000,0.085
10,200,3800,4000,0.085
11,200,3800,4000,0.08
12,200,3800,4000,0.055
13,200,3800,4000,0.07
14,200,3800,4000,0.065
15,200,3800,4000,0.065
16,200,3800,4000,0.1
17,200,3800,4000,0.1
18,200,3800,4000,0.07
19,200,3800,4000,0.115
20,200,3800,4000,0.075
21,200,3800,4000,0.1
22,200,3800,4000,0.07
23,200,3800,4000,0.075
24,200,3800,4000,0.085
25,200,3800,4000,0.1
26,200,3800,4000,0.085
27,200,3800,4000,0.075
28,200,3800,4000,0.095
29,200,3800,4000,0.13
30,200,3800,4000,0.065
31,200,3800,4000,0.075
32,200,3800,4000,0.085
33,200,3800,4000,0.08
34,200,3800,4000,0.09
35,200,3800,4000,0.075
36,200,3800,4000,0.09
37,200,3800,4000,0.09
38,200,3800,4000,0.075
39,200,3800,4000,0.1
40,200,3800,4000,0.075
41,200,3800,4000,0.12
42,200,3800,4000,0.095
43,200,3800,4000,0.035
44,200,3800,4000,0.085
45,200,3800,4000,0.065
46,200,3800,4000,0.05
47,200,3800,4000,0.07
48,200,3800,4000,0.06
49,200,3800,4000,0.085
50,200,3800,4000,0.08
51,200,3800,4000,0.09
52,200,3800,4000,0.115
53,200,3800,4000,0.11
54,200,3800,4000,0.085
55,200,3800,4000,0.11
56,200,3800,4000,0.07
57,200,3800,4000,0.09
58,200,3800,4000,0.085
59,200,3800,4000,0.09
60,200,3800,4000,0.06
61,200,3800,4000,0.105
62,200,3800,4000,0.075
63,200,3800,4000,0.075
64,200,3800,4000,0.09
65,200,3800,4000,0.05
66,200,3800,4000,0.13
67,200,3800,4000,0.115
68,200,3800,4000,0.04
69,200,3800,4000,0.04
70,200,3800,4000,0.095
71,200,3800,4000,0.08
72,200,3800,4000,0.05
73,200,3800,4000,0.085
74,200,3800,4000,0.105
75,200,3800,4000,0.04
76,200,3800,4000,0.07
77,200,3800,4000,0.055
78,200,3800,4000,0.1
79,200,3800,4000,0.085
80,200,3800,4000,0.065
81,200,3800,4000,0.115
82,200,3800,4000,0.09
83,200,3800,4000,0.085
84,200,3800,4000,0.07
85,200,3800,4000,0.06
86,200,3800,4000,0.08
87,200,3800,4000,0.11
88,200,3800,4000,0.035
89,200,3800,4000,0.095
90,200,3800,4000,0.075
91,200,3800,4000,0.085
92,200,3800,4000,0.1
93,200,3800,4000,0.065
94,200,3800,4000,0.06
95,200,3800,4000,0.09
96,200,3800,4000,0.07
97,200,3800,4000,0.065
98,200,3800,4000,0.035
99,200,3800,4000,0.065
100,200,3800,4000,0.08
101,200,3800,4000,0.1
102,200,3800,4000,0.055
103,200,3800,4000,0.07
104,200,3800,4000,0.11
105,200,3800,4000,0.1
106,200,3800,4000,0.1
107,200,3800,4000,0.085
108,200,3800,4000,0.075
109,200,3800,4000,0.065
110,200,3800,4000,0.1
111,200,3800,4000,0.08
112,200,3800,4000,0.06
113,200,3800,4000,0.075
114,200,3800,4000,0.11
115,200,3800,4000,0.075
116,200,3800,4000,0.095
117,200,3800,4000,0.05
118,200,3800,4000,0.07
119,200,3800,4000,0.09
120,200,3800,4000,0.06
121,200,3800,4000,0.095
122,200,3800,4000,0.105
123,200,3800,4000,0.07
124,200,3800,4000,0.055
125,200,3800,4000,0.125
126,200,3800,4000,0.095
127,200,3800,4000,0.085
128,200,3800,4000,0.08
129,200,3800,4000,0.105
130,200,3800,4000,0.06
131,200,3800,4000,0.06
132,200,3800,4000,0.075
133,200,3800,4000,0.07
134,200,3800,4000,0.065
135,200,3800,4000,0.055
136,200,3800,4000,0.085
137,200,3800,4000,0.085
138,200,3800,4000,0.065
139,200,3800,4000,0.1
140,200,3800,4000,0.08
141,200,3800,4000,0.105
142,200,3800,4000,0.09
143,200,3800,4000,0.085
144,200,3800,4000,0.065
145,200,3800,4000,0.05
146,200,3800,4000,0.085
147,200,3800,4000,0.07
148,200,3800,4000,0.135
149,200,3800,4000,0.075
150,200,3800,4000,0.08
151,200,3800,4000,0.08
152,200,3800,4000,0.04
153,200,3800,4000,0.07
154,200,3800,4000,0.095
155,200,3800,4000,0.095
156,200,3800,4000,0.035
157,200,3800,4000,0.07
158,200,3800,4000,0.07
159,200,3800,4000,0.115
160,200,3800,4000,0.08
161,200,3800,4000,0.085
162,200,3800,4000,0.055
163,200,3800,4000,0.06
164,200,3800,4000,0.045
165,200,3800,4000,0.07
166,200,3800,4000,0.09
167,200,3800,4000,0.1
168,200,3800,4000,0.075
169,200,3800,4000,0.09
170,200,3800,4000,0.07
171,200,3800,4000,0.05
172,200,3800,4000,0.07
173,200,3800,4000,0.065
174,200,3800,4000,0.075
175,200,3800,4000,0.08
176,200,3800,4000,0.06
177,200,3800,4000,0.035
178,200,3800,4000,0.07
179,200,3800,4000,0.11
180,200,3800,4000,0.055
181,200,3800,4000,0.07
182,200,3800,4000,0.065
183,200,3800,4000,0.04
184,200,3800,4000,0.07
185,200,3800,4000,0.07
186,200,3800,4000,0.04
187,200,3800,4000,0.055
188,200,3800,4000,0.11
189,200,3800,4000,0.085
190,200,3800,4000,0.095
191,200,3800,4000,0.07
192,200,3800,4000,0.07
193,200,3800,4000,0.105
194,200,3800,4000,0.06
195,200,3800,4000,0.115
196,200,3800,4000,0.09
197,200,3800,4000,0.065
198,200,3800,4000,0.035
199,200,3800,4000,0.095
200,200,3800,4000,0.08
1,400,7600,8000,0.0925
2,400,7600,8000,0.08
3,400,7600,8000,0.105
4,400,7600,8000,0.0925
5,400,7600,8000,0.055
6,400,7600,8000,0.07
7,400,7600,8000,0.0725
8,400,7600,8000,0.06
9,400,7600,8000,0.075
10,400,7600,8000,0.0875
11,400,7600,8000,0.0925
12,400,7600,8000,0.08
13,400,7600,8000,0.075
14,400,7600,8000,0.0775
15,400,7600,8000,0.0775
16,400,7600,8000,0.09
17,400,7600,8000,0.105
18,400,7600,8000,0.075
19,400,7600,8000,0.1075
20,400,7600,8000,0.075
21,400,7600,8000,0.0925
22,400,7600,8000,0.08
23,400,7600,8000,0.075
24,400,7600,8000,0.0725
25,400,7600,8000,0.0975
26,400,7600,8000,0.0825
27,400,7600,8000,0.0825
28,400,7600,8000,0.0975
29,400,7600,8000,0.1025
30,400,7600,8000,0.0875
31,400,7600,8000,0.08
32,400,7600,8000,0.085
33,400,7600,8000,0.085
34,400,7600,8000,0.0975
35,400,7600,8000,0.09
36,400,7600,8000,0.095
37,400,7600,8000,0.085
38,400,7600,8000,0.1025
39,400,7600,8000,0.11
40,400,7600,8000,0.095
41,400,7600,8000,0.1075
42,400,7600,8000,0.0875
43,400,7600,8000,0.0625
44,400,7600,8000,0.1025
45,400,7600,8000,0.0675
46,400,7600,8000,0.0625
47,400,7600,8000,0.075
48,400,7600,8000,0.0875
49,400,7600,8000,0.0825
50,400,7600,8000,0.0925
51,400,7600,8000,0.095
52,400,7600,8000,0.105
53,400,7600,8000,0.1125
54,400,7600,8000,0.065
55,400,7600,8000,0.1075
56,400,7600,8000,0.095
57,400,7600,8000,0.09
58,400,7600,8000,0.06
59,400,7600,8000,0.1
60,400,7600,8000,0.0575
61,400,7600,8000,0.09
62,400,7600,8000,0.0925
63,400,7600,8000,0.08
64,400,7600,8000,0.095
65,400,7600,8000,0.0675
66,400,7600,8000,0.12
67,400,7600,8000,0.1075
68,400,7600,8000,0.085
69,400,7600,8000,0.06
70,400,7600,8000,0.1
71,400,7600,8000,0.08
72,400,7600,8000,0.06
73,400,7600,8000,0.1075
74,400,7600,8000,0.1025
75,400,7600,8000,0.0575
76,400,7600,8000,0.0725
77,400,7600,8000,0.0775
78,400,7600,8000,0.0925
79,400,7600,8000,0.095
80,400,7600,8000,0.065
81,400,7600,8000,0.0875
82,400,7600,8000,0.0825
83,400,7600,8000,0.0875
84,400,7600,8000,0.0875
85,400,7600,8000,0.065
86,400,7600,8000,0.08
87,400,7600,8000,0.085
88,400,7600,8000,0.06
89,400,7600,8000,0.0825
90,400,7600,8000,0.105
91,400,7600,8000,0.0975
92,400,7600,8000,0.0975
93,400,7600,8000,0.0775
94,400,7600,8000,0.0875
95,400,7600,8000,0.0975
96,400,7600,8000,0.065
97,400,7600,8000,0.0725
98,400,7600,8000,0.0525
99,400,7600,8000,0.085
100,400,7600,8000,0.065
101,400,7600,8000,0.1
102,400,7600,8000,0.055
103,400,7600,8000,0.1025
104,400,7600,8000,0.09
105,400,7600,8000,0.0625
106,400,7600,8000,0.0725
107,400,7600,8000,0.0825
108,400,7600,8000,0.0725
109,400,7600,8000,0.07
110,400,7600,8000,0.08
111,400,7600,8000,0.0825
112,400,7600,8000,0.1
113,400,7600,8000,0.0925
114,400,7600,8000,0.0975
115,400,7600,8000,0.0825
116,400,7600,8000,0.08
117,400,7600,8000,0.06
118,400,7600,8000,0.0775
119,400,7600,8000,0.095
120,400,7600,8000,0.0775
121,400,7600,8000,0.0925
122,400,7600,8000,0.1
123,400,7600,8000,0.0825
124,400,7600,8000,0.0675
125,400,7600,8000,0.1075
126,400,7600,8000,0.0925
127,400,7600,8000,0.09
128,400,7600,8000,0.085
129,400,7600,8000,0.11
130,400,7600,8000,0.0775
131,400,7600,8000,0.0625
132,400,7600,8000,0.0725
133,400,7600,8000,0.0775
134,400,7600,8000,0.1
135,400,7600,8000,0.0725
136,400,7600,8000,0.085
137,400,7600,8000,0.0825
138,400,7600,8000,0.0575
139,400,7600,8000,0.085
140,400,7600,8000,0.0725
141,400,7600,8000,0.1025
142,400,7600,8000,0.1025
143,400,7600,8000,0.0775
144,400,7600,8000,0.0775
145,400,7600,8000,0.065
146,400,7600,8000,0.095
147,400,7600,8000,0.0825
148,400,7600,8000,0.105
149,400,7600,8000,0.07
150,400,7600,8000,0.0925
151,400,7600,8000,0.075
152,400,7600,8000,0.065
153,400,7600,8000,0.07
154,400,7600,8000,0.0825
155,400,7600,8000,0.0875
156,400,7600,8000,0.0525
157,400,7600,8000,0.065
158,400,7600,8000,0.0725
159,400,7600,8000,0.105
160,400,7600,8000,0.075
161,400,7600,8000,0.085
162,400,7600,8000,0.07
163,400,7600,8000,0.055
164,400,7600,8000,0.07
165,400,7600,8000,0.075
166,400,7600,8000,0.095
167,400,7600,8000,0.0775
168,400,7600,8000,0.08
169,400,7600,8000,0.105
170,400,7600,8000,0.0625
171,400,7600,8000,0.0675
172,400,7600,8000,0.055
173,400,7600,8000,0.0575
174,400,7600,8000,0.0725
175,400,7600,8000,0.1
176,400,7600,8000,0.065
177,400,7600,8000,0.0675
178,400,7600,8000,0.075
179,400,7600,8000,0.1
180,400,7600,8000,0.06
181,400,7600,8000,0.0825
182,400,7600,8000,0.0675
183,400,7600,8000,0.0675
184,400,7600,8000,0.08
185,400,7600,8000,0.08
186,400,7600,8000,0.075
187,400,7600,8000,0.055
188,400,7600,8000,0.0975
189,400,7600,8000,0.09
190,400,7600,8000,0.1
191,400,7600,8000,0.06
192,400,7600,8000,0.08
193,400,7600,8000,0.0925
194,400,7600,8000,0.0525
195,400,7600,8000,0.0975
196,400,7600,8000,0.1075
197,400,7600,8000,0.045
198,400,7600,8000,0.055
199,400,7600,8000,0.09
200,400,7600,8000,0.0675
1,800,15200,16000,0.0675
2,800,15200,16000,0.08125
3,800,15200,16000,0.0925
4,800,15200,16000,0.1025
5,800,15200,16000,0.07
6,800,15200,16000,0.09375
7,800,15200,16000,0.08375
8,800,15200,16000,0.0725
9,800,15200,16000,0.09
10,800,15200,16000,0.095
11,800,15200,16000,0.0975
12,800,15200,16000,0.0875
13,800,15200,16000,0.09125
14,800,15200,16000,0.0775
15,800,15200,16000,0.09
16,800,15200,16000,0.10125
17,800,15200,16000,0.10875
18,800,15200,16000,0.07875
19,800,15200,16000,0.09625
20,800,15200,16000,0.09
21,800,15200,16000,0.0975
22,800,15200,16000,0.075
23,800,15200,16000,0.08
24,800,15200,16000,0.07375
25,800,15200,16000,0.09625
26,800,15200,16000,0.095
27,800,15200,16000,0.0975
28,800,15200,16000,0.095
29,800,15200,16000,0.1025
30,800,15200,16000,0.08
31,800,15200,16000,0.1025
32,800,15200,16000,0.09
33,800,15200,16000,0.07875
34,800,15200,16000,0.09625
35,800,15200,16000,0.09125
36,800,15200,16000,0.09875
37,800,15200,16000,0.08625
38,800,15200,16000,0.1
39,800,15200,16000,0.10375
40,800,15200,16000,0.08375
41,800,15200,16000,0.10875
42,800,15200,16000,0.09625
43,800,15200,16000,0.06875
44,800,15200,16000,0.1025
45,800,15200,16000,0.0775
46,800,15200,16000,0.07625
47,800,15200,16000,0.09125
48,800,15200,16000,0.08375
49,800,15200,16000,0.10125
50,800,15200,16000,0.095
51,800,15200,16000,0.09
52,800,15200,16000,0.1
53,800,15200,16000,0.10375
54,800,15200,16000,0.08
55,800,15200,16000,0.10625
56,800,15200,16000,0.0875
57,800,15200,16000,0.0975
58,800,15200,16000,0.1
59,800,15200,16000,0.0925
60,800,15200,16000,0.07375
61,800,15200,16000,0.0875
62,800,15200,16000,0.095
63,800,15200,16000,0.08125
64,800,15200,16000,0.09375
65,800,15200,16000,0.09125
66,800,15200,16000,0.1075
67,800,15200,16000,0.0875
68,800,15200,16000,0.0825
69,800,15200,16000,0.07875
70,800,15200,16000,0.0925
71,800,15200,16000,0.07
72,800,15200,16000,0.07
73,800,15200,16000,0.1075
74,800,15200,16000,0.0975
75,800,15200,16000,0.0925
76,800,15200,16000,0.08375
77,800,15200,16000,0.08125
78,800,15200,16000,0.09625
79,800,15200,16000,0.09875
80,800,15200,16000,0.07125
81,800,15200,16000,0.095
82,800,15200,16000,0.085
83,800,15200,16000,0.09875
84,800,15200,16000,0.08
85,800,15200,16000,0.08625
86,800,15200,16000,0.07875
87,800,15200,16000,0.08875
88,800,15200,16000,0.0675
89,800,15200,16000,0.07875
90,800,15200,16000,0.1075
91,800,15200,16000,0.1
92,800,15200,16000,0.09625
93,800,15200,16000,0.08125
94,800,15200,16000,0.0825
95,800,15200,16000,0.0925
96,800,15200,16000,0.09625
97,800,15200,16000,0.0725
98,800,15200,16000,0.075
99,800,15200,16000,0.08875
100,800,15200,16000,0.085
101,800,15200,16000,0.10125
102,800,15200,16000,0.06375
103,800,15200,16000,0.09125
104,800,15200,16000,0.09125
105,800,15200,16000,0.07875
106,800,15200,16000,0.08375
107,800,15200,16000,0.08625
108,800,15200,16000,0.0825
109,800,15200,16000,0.0825
110,800,15200,16000,0.075
111,800,15200,16000,0.0975
112,800,15200,16000,0.1075
113,800,15200,16000,0.10125
114,800,15200,16000,0.08875
115,800,15200,16000,0.0725
116,800,15200,16000,0.09375
117,800,15200,16000,0.0675
118,800,15200,16000,0.0825
119,800,15200,16000,0.0925
120,800,15200,16000,0.09625
121,800,15200,16000,0.09625
122,800,15200,16000,0.0925
123,800,15200,16000,0.085
124,800,15200,16000,0.075
125,800,15200,16000,0.10125
126,800,15200,16000,0.0975
127,800,15200,16000,0.10375
128,800,15200,16000,0.1
129,800,15200,16000,0.09375
130,800,15200,16000,0.0675
131,800,15200,16000,0.07125
132,800,15200,16000,0.09
133,800,15200,16000,0.085
134,800,15200,16000,0.08625
135,800,15200,16000,0.085
136,800,15200,16000,0.09
137,800,15200,16000,0.09125
138,800,15200,16000,0.085
139,800,15200,16000,0.0725
140,800,15200,16000,0.07625
141,800,15200,16000,0.09625
142,800,15200,16000,0.1
143,800,15200,16000,0.09125
144,800,15200,16000,0.075
145,800,15200,16000,0.08125
146,800,15200,16000,0.0925
147,800,15200,16000,0.095
148,800,15200,16000,0.09875
149,800,15200,16000,0.0825
150,800,15200,16000,0.105
151,800,15200,16000,0.0925
152,800,15200,16000,0.0775
153,800,15200,16000,0.0775
154,800,15200,16000,0.0875
155,800,15200,16000,0.09125
156,800,15200,16000,0.07375
157,800,15200,16000,0.07375
158,800,15200,16000,0.08125
159,800,15200,16000,0.1
160,800,15200,16000,0.07625
161,800,15200,16000,0.1
162,800,15200,16000,0.07125
163,800,15200,16000,0.07625
164,800,15200,16000,0.08125
165,800,15200,16000,0.07375
166,800,15200,16000,0.0825
167,800,15200,16000,0.0925
168,800,15200,16000,0.0775
169,800,15200,16000,0.105
170,800,15200,16000,0.08875
171,800,15200,16000,0.08375
172,800,15200,16000,0.085
173,800,15200,16000,0.0725
174,800,15200,16000,0.0675
175,800,15200,16000,0.09625
176,800,15200,16000,0.07875
177,800,15200,16000,0.08375
178,800,15200,16000,0.07875
179,800,15200,16000,0.09375
180,800,15200,16000,0.08125
181,800,15200,16000,0.1
182,800,15200,16000,0.07125
183,800,15200,16000,0.08
184,800,15200,16000,0.075
185,800,15200,16000,0.0825
186,800,15200,16000,0.08375
187,800,15200,16000,0.07
188,800,15200,16000,0.105
189,800,15200,16000,0.09625
190,800,15200,16000,0.09
191,800,15200,16000,0.08
192,800,15200,16000,0.07875
193,800,15200,16000,0.0875
194,800,15200,16000,0.06625
195,800,15200,16000,0.095
196,800,15200,16000,0.09625
197,800,15200,16000,0.06125
198,800,15200,16000,0.075
199,800,15200,16000,0.085
200,800,15200,16000,0.08
1,1600,30400,32000,0.0875
2,1600,30400,32000,0.093125
3,1600,30400,32000,0.1
4,1600,30400,32000,0.106875
5,1600,30400,32000,0.088125
6,1600,30400,32000,0.098125
7,1600,30400,32000,0.089375
8,1600,30400,32000,0.09875
9,1600,30400,32000,0.105
10,1600,30400,32000,0.099375
11,1600,30400,32000,0.100625
12,1600,30400,32000,0.091875
13,1600,30400,32000,0.086875
14,1600,30400,32000,0.083125
15,1600,30400,32000,0.09375
16,1600,30400,32000,0.09375
17,1600,30400,32000,0.1125
18,1600,30400,32000,0.090625
19,1600,30400,32000,0.098125
20,1600,30400,32000,0.099375
21,1600,30400,32000,0.10875
22,1600,30400,32000,0.080625
23,1600,30400,32000,0.0925
24,1600,30400,32000,0.081875
25,1600,30400,32000,0.0975
26,1600,30400,32000,0.098125
27,1600,30400,32000,0.09875
28,1600,30400,32000,0.096875
29,1600,30400,32000,0.1025
30,1600,30400,32000,0.09
31,1600,30400,32000,0.101875
32,1600,30400,32000,0.0975
33,1600,30400,32000,0.09125
34,1600,30400,32000,0.103125
35,1600,30400,32000,0.100625
36,1600,30400,32000,0.10625
37,1600,30400,32000,0.095625
38,1600,30400,32000,0.101875
39,1600,30400,32000,0.105
40,1600,30400,32000,0.089375
41,1600,30400,32000,0.114375
42,1600,30400,32000,0.095625
43,1600,30400,32000,0.085
44,1600,30400,32000,0.09875
45,1600,30400,32000,0.091875
46,1600,30400,32000,0.088125
47,1600,30400,32000,0.090625
48,1600,30400,32000,0.094375
49,1600,30400,32000,0.09875
50,1600,30400,32000,0.098125
51,1600,30400,32000,0.103125
52,1600,30400,32000,0.1025
53,1600,30400,32000,0.109375
54,1600,30400,32000,0.089375
55,1600,30400,32000,0.10375
56,1600,30400,32000,0.090625
57,1600,30400,32000,0.10875
58,1600,30400,32000,0.105625
59,1600,30400,32000,0.10125
60,1600,30400,32000,0.08125
61,1600,30400,32000,0.09875
62,1600,30400,32000,0.09875
63,1600,30400,32000,0.089375
64,1600,30400,32000,0.0925
65,1600,30400,32000,0.10125
66,1600,30400,32000,0.105625
67,1600,30400,32000,0.094375
68,1600,30400,32000,0.083125
69,1600,30400,32000,0.08875
70,1600,30400,32000,0.095625
71,1600,30400,32000,0.081875
72,1600,30400,32000,0.081875
73,1600,30400,32000,0.11125
74,1600,30400,32000,0.104375
75,1600,30400,32000,0.0975
76,1600,30400,32000,0.08625
77,1600,30400,32000,0.09125
78,1600,30400,32000,0.10375
79,1600,30400,32000,0.103125
80,1600,30400,32000,0.081875
81,1600,30400,32000,0.109375
82,1600,30400,32000,0.108125
83,1600,30400,32000,0.093125
84,1600,30400,32000,0.0975
85,1600,30400,32000,0.088125
86,1600,30400,32000,0.09625
87,1600,30400,32000,0.1025
88,1600,30400,32000,0.09
89,1600,30400,32000,0.0825
90,1600,30400,32000,0.105
91,1600,30400,32000,0.099375
92,1600,30400,32000,0.100625
93,1600,30400,32000,0.09125
94,1600,30400,32000,0.09375
95,1600,30400,32000,0.095625
96,1600,30400,32000,0.09375
97,1600,30400,32000,0.0825
98,1600,30400,32000,0.09375
99,1600,30400,32000,0.109375
100,1600,30400,32000,0.088125
101,1600,30400,32000,0.093125
102,1600,30400,32000,0.0825
103,1600,30400,32000,0.07875
104,1600,30400,32000,0.105
105,1600,30400,32000,0.08625
106,1600,30400,32000,0.099375
107,1600,30400,32000,0.0975
108,1600,30400,32000,0.0925
109,1600,30400,32000,0.09
110,1600,30400,32000,0.0825
111,1600,30400,32000,0.095625
112,1600,30400,32000,0.106875
113,1600,30400,32000,0.09625
114,1600,30400,32000,0.094375
115,1600,30400,32000,0.094375
116,1600,30400,32000,0.09
117,1600,30400,32000,0.0725
118,1600,30400,32000,0.09625
119,1600,30400,32000,0.083125
120,1600,30400,32000,0.100625
121,1600,30400,32000,0.10125
122,1600,30400,32000,0.091875
123,1600,30400,32000,0.088125
124,1600,30400,32000,0.084375
125,1600,30400,32000,0.099375
126,1600,30400,32000,0.096875
127,1600,30400,32000,0.10375
128,1600,30400,32000,0.105
129,1600,30400,32000,0.101875
130,1600,30400,32000,0.073125
131,1600,30400,32000,0.0725
132,1600,30400,32000,0.08875
133,1600,30400,32000,0.088125
134,1600,30400,32000,0.100625
135,1600,30400,32000,0.096875
136,1600,30400,32000,0.101875
137,1600,30400,32000,0.095625
138,1600,30400,32000,0.090625
139,1600,30400,32000,0.08125
140,1600,30400,32000,0.09
141,1600,30400,32000,0.10375
142,1600,30400,32000,0.108125
143,1600,30400,32000,0.099375
144,1600,30400,32000,0.09125
145,1600,30400,32000,0.08875
146,1600,30400,32000,0.09625
147,1600,30400,32000,0.096875
148,1600,30400,32000,0.093125
149,1600,30400,32000,0.08625
150,1600,30400,32000,0.11
151,1600,30400,32000,0.100625
152,1600,30400,32000,0.08125
153,1600,30400,32000,0.0875
154,1600,30400,32000,0.09375
155,1600,30400,32000,0.095
156,1600,30400,32000,0.094375
157,1600,30400,32000,0.083125
158,1600,30400,32000,0.095
159,1600,30400,32000,0.109375
160,1600,30400,32000,0.09125
161,1600,30400,32000,0.09625
162,1600,30400,32000,0.086875
163,1600,30400,32000,0.0975
164,1600,30400,32000,0.080625
165,1600,30400,32000,0.085
166,1600,30400,32000,0.090625
167,1600,30400,32000,0.0925
168,1600,30400,32000,0.090625
169,1600,30400,32000,0.10625
170,1600,30400,32000,0.1
171,1600,30400,32000,0.086875
172,1600,30400,32000,0.084375
173,1600,30400,32000,0.100625
174,1600,30400,32000,0.0825
175,1600,30400,32000,0.096875
176,1600,30400,32000,0.089375
177,1600,30400,32000,0.08625
178,1600,30400,32000,0.08375
179,1600,30400,32000,0.098125
180,1600,30400,32000,0.09375
181,1600,30400,32000,0.100625
182,1600,30400,32000,0.085
183,1600,30400,32000,0.08625
184,1600,30400,32000,0.095625
185,1600,30400,32000,0.09875
186,1600,30400,32000,0.09625
187,1600,30400,32000,0.08375
188,1600,30400,32000,0.106875
189,1600,30400,32000,0.101875
190,1600,30400,32000,0.090625
191,1600,30400,32000,0.093125
192,1600,30400,32000,0.091875
193,1600,30400,32000,0.0925
194,1600,30400,32000,0.10125
195,1600,30400,32000,0.098125
196,1600,30400,32000,0.0925
197,1600,30400,32000,0.085625
198,1600,30400,32000,0.08125
199,1600,30400,32000,0.091875
200,1600,30400,32000,0.09
1,3200,60800,64000,0.08375
2,3200,60800,64000,0.083125
3,3200,60800,64000,0.094375
4,3200,60800,64000,0.095
5,3200,60800,64000,0.07875
6,3200,60800,64000,0.094375
7,3200,60800,64000,0.0875
8,3200,60800,64000,0.084375
9,3200,60800,64000,0.09
10,3200,60800,64000,0.0934375
11,3200,60800,64000,0.09625
12,3200,60800,64000,0.091875
13,3200,60800,64000,0.0859375
14,3200,60800,64000,0.08375
15,3200,60800,64000,0.0890625
16,3200,60800,64000,0.0921875
17,3200,60800,64000,0.1021875
18,3200,60800,64000,0.085
19,3200,60800,64000,0.095625
20,3200,60800,64000,0.084375
21,3200,60800,64000,0.1028125
22,3200,60800,64000,0.0878125
23,3200,60800,64000,0.088125
24,3200,60800,64000,0.078125
25,3200,60800,64000,0.0965625
26,3200,60800,64000,0.09125
27,3200,60800,64000,0.09125
28,3200,60800,64000,0.1025
29,3200,60800,64000,0.095625
30,3200,60800,64000,0.0784375
31,3200,60800,64000,0.095625
32,3200,60800,64000,0.0865625
33,3200,60800,64000,0.0903125
34,3200,60800,64000,0.095
35,3200,60800,64000,0.0928125
36,3200,60800,64000,0.0915625
37,3200,60800,64000,0.090625
38,3200,60800,64000,0.0903125
39,3200,60800,64000,0.0853125
40,3200,60800,64000,0.088125
41,3200,60800,64000,0.0915625
42,3200,60800,64000,0.0921875
43,3200,60800,64000,0.0828125
44,3200,60800,64000,0.0875
45,3200,60800,64000,0.08375
46,3200,60800,64000,0.086875
47,3200,60800,64000,0.088125
48,3200,60800,64000,0.09125
49,3200,60800,64000,0.0903125
50,3200,60800,64000,0.0959375
51,3200,60800,64000,0.09
52,3200,60800,64000,0.090625
53,3200,60800,64000,0.1003125
54,3200,60800,64000,0.0796875
55,3200,60800,64000,0.0865625
56,3200,60800,64000,0.0915625
57,3200,60800,64000,0.09
58,3200,60800,64000,0.0975
59,3200,60800,64000,0.0865625
60,3200,60800,64000,0.08
61,3200,60800,64000,0.0834375
62,3200,60800,64000,0.0934375
63,3200,60800,64000,0.08625
64,3200,60800,64000,0.090625
65,3200,60800,64000,0.0934375
66,3200,60800,64000,0.0953125
67,3200,60800,64000,0.093125
68,3200,60800,64000,0.085
69,3200,60800,64000,0.085625
70,3200,60800,64000,0.0915625
71,3200,60800,64000,0.0834375
72,3200,60800,64000,0.083125
73,3200,60800,64000,0.089375
74,3200,60800,64000,0.0909375
75,3200,60800,64000,0.095
76,3200,60800,64000,0.088125
77,3200,60800,64000,0.0890625
78,3200,60800,64000,0.0928125
79,3200,60800,64000,0.0896875
80,3200,60800,64000,0.08125
81,3200,60800,64000,0.095
82,3200,60800,64000,0.0940625
83,3200,60800,64000,0.088125
84,3200,60800,64000,0.086875
85,3200,60800,64000,0.08625
86,3200,60800,64000,0.0834375
87,3200,60800,64000,0.0884375
88,3200,60800,64000,0.085625
89,3200,60800,64000,0.0846875
90,3200,60800,64000,0.0934375
91,3200,60800,64000,0.0865625
92,3200,60800,64000,0.0959375
93,3200,60800,64000,0.0909375
94,3200,60800,64000,0.0925
95,3200,60800,64000,0.093125
96,3200,60800,64000,0.0878125
97,3200,60800,64000,0.075
98,3200,60800,64000,0.085625
99,3200,60800,64000,0.09875
100,3200,60800,64000,0.0834375
101,3200,60800,64000,0.0903125
102,3200,60800,64000,0.08
103,3200,60800,64000,0.08
104,3200,60800,64000,0.0934375
105,3200,60800,64000,0.083125
106,3200,60800,64000,0.089375
107,3200,60800,64000,0.0803125
108,3200,60800,64000,0.0971875
109,3200,60800,64000,0.0921875
110,3200,60800,64000,0.08375
111,3200,60800,64000,0.0984375
112,3200,60800,64000,0.099375
113,3200,60800,64000,0.0934375
114,3200,60800,64000,0.0909375
115,3200,60800,64000,0.0871875
116,3200,60800,64000,0.083125
117,3200,60800,64000,0.0753125
118,3200,60800,64000,0.085625
119,3200,60800,64000,0.0871875
120,3200,60800,64000,0.0865625
121,3200,60800,64000,0.08875
122,3200,60800,64000,0.088125
123,3200,60800,64000,0.0890625
124,3200,60800,64000,0.07625
125,3200,60800,64000,0.09
126,3200,60800,64000,0.0840625
127,3200,60800,64000,0.09375
128,3200,60800,64000,0.090625
129,3200,60800,64000,0.095
130,3200,60800,64000,0.0775
131,3200,60800,64000,0.0740625
132,3200,60800,64000,0.080625
133,3200,60800,64000,0.0825
134,3200,60800,64000,0.0946875
135,3200,60800,64000,0.08625
136,3200,60800,64000,0.0859375
137,3200,60800,64000,0.0871875
138,3200,60800,64000,0.08625
139,3200,60800,64000,0.0865625
140,3200,60800,64000,0.0903125
141,3200,60800,64000,0.0975
142,3200,60800,64000,0.0959375
143,3200,60800,64000,0.0971875
144,3200,60800,64000,0.0903125
145,3200,60800,64000,0.0878125
146,3200,60800,64000,0.0884375
147,3200,60800,64000,0.0953125
148,3200,60800,64000,0.09
149,3200,60800,64000,0.089375
150,3200,60800,64000,0.093125
151,3200,60800,64000,0.0990625
152,3200,60800,64000,0.080625
153,3200,60800,64000,0.0828125
154,3200,60800,64000,0.095625
155,3200,60800,64000,0.095625
156,3200,60800,64000,0.095625
157,3200,60800,64000,0.0834375
158,3200,60800,64000,0.0859375
159,3200,60800,64000,0.0965625
160,3200,60800,64000,0.08625
161,3200,60800,64000,0.0934375
162,3200,60800,64000,0.081875
163,3200,60800,64000,0.085
164,3200,60800,64000,0.081875
165,3200,60800,64000,0.0840625
166,3200,60800,64000,0.085625
167,3200,60800,64000,0.0925
168,3200,60800,64000,0.0828125
169,3200,60800,64000,0.0909375
170,3200,60800,64000,0.091875
171,3200,60800,64000,0.0840625
172,3200,60800,64000,0.086875
173,3200,60800,64000,0.0953125
174,3200,60800,64000,0.0709375
175,3200,60800,64000,0.0878125
176,3200,60800,64000,0.0871875
177,3200,60800,64000,0.0790625
178,3200,60800,64000,0.08625
179,3200,60800,64000,0.0928125
180,3200,60800,64000,0.0871875
181,3200,60800,64000,0.094375
182,3200,60800,64000,0.08625
183,3200,60800,64000,0.08625
184,3200,60800,64000,0.0884375
185,3200,60800,64000,0.0928125
186,3200,60800,64000,0.088125
187,3200,60800,64000,0.0878125
188,3200,60800,64000,0.0959375
189,3200,60800,64000,0.098125
190,3200,60800,64000,0.0915625
191,3200,60800,64000,0.0925
192,3200,60800,64000,0.0871875
193,3200,60800,64000,0.0853125
194,3200,60800,64000,0.0878125
195,3200,60800,64000,0.0953125
196,3200,60800,64000,0.09125
197,3200,60800,64000,0.0859375
198,3200,60800,64000,0.084375
199,3200,60800,64000,0.08625
200,3200,60800,64000,0.0909375
1,6400,121600,128000,0.0825
2,6400,121600,128000,0.08171875
3,6400,121600,128000,0.08484375
4,6400,121600,128000,0.0853125
5,6400,121600,128000,0.08109375
6,6400,121600,128000,0.0884375
7,6400,121600,128000,0.08921875
8,6400,121600,128000,0.080625
9,6400,121600,128000,0.0903125
10,6400,121600,128000,0.089375
11,6400,121600,128000,0.088125
12,6400,121600,128000,0.085625
13,6400,121600,128000,0.08328125
14,6400,121600,128000,0.0784375
15,6400,121600,128000,0.084375
16,6400,121600,128000,0.0878125
17,6400,121600,128000,0.094375
18,6400,121600,128000,0.0871875
19,6400,121600,128000,0.0853125
20,6400,121600,128000,0.08046875
21,6400,121600,128000,0.0925
22,6400,121600,128000,0.08484375
23,6400,121600,128000,0.08640625
24,6400,121600,128000,0.07859375
25,6400,121600,128000,0.09109375
26,6400,121600,128000,0.08359375
27,6400,121600,128000,0.0840625
28,6400,121600,128000,0.08953125
29,6400,121600,128000,0.08890625
30,6400,121600,128000,0.0803125
31,6400,121600,128000,0.08625
32,6400,121600,128000,0.08453125
33,6400,121600,128000,0.08734375
34,6400,121600,128000,0.0828125
35,6400,121600,128000,0.08625
36,6400,121600,128000,0.0875
37,6400,121600,128000,0.08796875
38,6400,121600,128000,0.08859375
39,6400,121600,128000,0.08421875
40,6400,121600,128000,0.08296875
41,6400,121600,128000,0.0878125
42,6400,121600,128000,0.08859375
43,6400,121600,128000,0.07671875
44,6400,121600,128000,0.08328125
45,6400,121600,128000,0.08515625
46,6400,121600,128000,0.08421875
47,6400,121600,128000,0.084375
48,6400,121600,128000,0.0884375
49,6400,121600,128000,0.08765625
50,6400,121600,128000,0.09296875
51,6400,121600,128000,0.08828125
52,6400,121600,128000,0.0915625
53,6400,121600,128000,0.09484375
54,6400,121600,128000,0.0803125
55,6400,121600,128000,0.0828125
56,6400,121600,128000,0.084375
57,6400,121600,128000,0.08765625
58,6400,121600,128000,0.086875
59,6400,121600,128000,0.0853125
60,6400,121600,128000,0.07953125
61,6400,121600,128000,0.086875
62,6400,121600,128000,0.08734375
63,6400,121600,128000,0.08359375
64,6400,121600,128000,0.08765625
65,6400,121600,128000,0.0884375
66,6400,121600,128000,0.09109375
67,6400,121600,128000,0.0846875
68,6400,121600,128000,0.0853125
69,6400,121600,128000,0.07921875
70,6400,121600,128000,0.0903125
71,6400,121600,128000,0.08171875
72,6400,121600,128000,0.07890625
73,6400,121600,128000,0.0859375
74,6400,121600,128000,0.08765625
75,6400,121600,128000,0.09
76,6400,121600,128000,0.08671875
77,6400,121600,128000,0.0884375
78,6400,121600,128000,0.08578125
79,6400,121600,128000,0.0846875
80,6400,121600,128000,0.0775
81,6400,121600,128000,0.08828125
82,6400,121600,128000,0.08515625
83,6400,121600,128000,0.0890625
84,6400,121600,128000,0.0871875
85,6400,121600,128000,0.08265625
86,6400,121600,128000,0.0815625
87,6400,121600,128000,0.085625
88,6400,121600,128000,0.084375
89,6400,121600,128000,0.08671875
90,6400,121600,128000,0.0859375
91,6400,121600,128000,0.08359375
92,6400,121600,128000,0.0890625
93,6400,121600,128000,0.08109375
94,6400,121600,128000,0.0884375
95,6400,121600,128000,0.09421875
96,6400,121600,128000,0.09015625
97,6400,121600,128000,0.07984375
98,6400,121600,128000,0.08265625
99,6400,121600,128000,0.09015625
100,6400,121600,128000,0.08234375
101,6400,121600,128000,0.084375
102,6400,121600,128000,0.08203125
103,6400,121600,128000,0.0815625
104,6400,121600,128000,0.089375
105,6400,121600,128000,0.08078125
106,6400,121600,128000,0.0884375
107,6400,121600,128000,0.0771875
108,6400,121600,128000,0.0859375
109,6400,121600,128000,0.0875
110,6400,121600,128000,0.0809375
111,6400,121600,128000,0.08984375
112,6400,121600,128000,0.09140625
113,6400,121600,128000,0.08703125
114,6400,121600,128000,0.08671875
115,6400,121600,128000,0.08515625
116,6400,121600,128000,0.0840625
117,6400,121600,128000,0.0784375
118,6400,121600,128000,0.08109375
119,6400,121600,128000,0.08765625
120,6400,121600,128000,0.08828125
121,6400,121600,128000,0.0890625
122,6400,121600,128000,0.08859375
123,6400,121600,128000,0.08703125
124,6400,121600,128000,0.07765625
125,6400,121600,128000,0.08609375
126,6400,121600,128000,0.0834375
127,6400,121600,128000,0.09171875
128,6400,121600,128000,0.08671875
129,6400,121600,128000,0.0859375
130,6400,121600,128000,0.07953125
131,6400,121600,128000,0.07921875
132,6400,121600,128000,0.08078125
133,6400,121600,128000,0.079375
134,6400,121600,128000,0.0890625
135,6400,121600,128000,0.08609375
136,6400,121600,128000,0.08609375
137,6400,121600,128000,0.08375
138,6400,121600,128000,0.07953125
139,6400,121600,128000,0.0840625
140,6400,121600,128000,0.0884375
141,6400,121600,128000,0.09078125
142,6400,121600,128000,0.09
143,6400,121600,128000,0.08953125
144,6400,121600,128000,0.09203125
145,6400,121600,128000,0.08375
146,6400,121600,128000,0.08390625
147,6400,121600,128000,0.09234375
148,6400,121600,128000,0.0878125
149,6400,121600,128000,0.08640625
150,6400,121600,128000,0.08734375
151,6400,121600,128000,0.08921875
152,6400,121600,128000,0.084375
153,6400,121600,128000,0.08109375
154,6400,121600,128000,0.09171875
155,6400,121600,128000,0.08953125
156,6400,121600,128000,0.08984375
157,6400,121600,128000,0.08296875
158,6400,121600,128000,0.08234375
159,6400,121600,128000,0.0871875
160,6400,121600,128000,0.08578125
161,6400,121600,128000,0.0871875
162,6400,121600,128000,0.0815625
163,6400,121600,128000,0.0859375
164,6400,121600,128000,0.08546875
165,6400,121600,128000,0.08265625
166,6400,121600,128000,0.08734375
167,6400,121600,128000,0.08484375
168,6400,121600,128000,0.083125
169,6400,121600,128000,0.0846875
170,6400,121600,128000,0.08890625
171,6400,121600,128000,0.0859375
172,6400,121600,128000,0.08359375
173,6400,121600,128000,0.09140625
174,6400,121600,128000,0.08078125
175,6400,121600,128000,0.0796875
176,6400,121600,128000,0.086875
177,6400,121600,128000,0.08296875
178,6400,121600,128000,0.08171875
179,6400,121600,128000,0.0853125
180,6400,121600,128000,0.0890625
181,6400,121600,128000,0.08859375
182,6400,121600,128000,0.0840625
183,6400,121600,128000,0.08328125
184,6400,121600,128000,0.08734375
185,6400,121600,128000,0.08625
186,6400,121600,128000,0.08953125
187,6400,121600,128000,0.08453125
188,6400,121600,128000,0.09078125
189,6400,121600,128000,0.08984375
190,6400,121600,128000,0.08421875
191,6400,121600,128000,0.09125
192,6400,121600,128000,0.08
193,6400,121600,128000,0.08515625
194,6400,121600,128000,0.090625
195,6400,121600,128000,0.09125
196,6400,121600,128000,0.08390625
197,6400,121600,128000,0.08375
198,6400,121600,128000,0.084375
199,6400,121600,128000,0.09
200,6400,121600,128000,0.0865625
1,7364,139916,147280,0.0836501901140684
2,7364,139916,147280,0.0824280282455187
3,7364,139916,147280,0.0866376969038566
4,7364,139916,147280,0.0850081477457903
5,7364,139916,147280,0.081205866376969
6,7364,139916,147280,0.0852797392721347
7,7364,139916,147280,0.0882672460619229
8,7364,139916,147280,0.0799837045084193
9,7364,139916,147280,0.0927485062466051
10,7364,139916,147280,0.0878598587724063
11,7364,139916,147280,0.0866376969038566
12,7364,139916,147280,0.0871808799565454
13,7364,139916,147280,0.0828354155350353
14,7364,139916,147280,0.0787615426398696
15,7364,139916,147280,0.0852797392721347
16,7364,139916,147280,0.0866376969038566
17,7364,139916,147280,0.0923411189570885
18,7364,139916,147280,0.0878598587724063
19,7364,139916,147280,0.08623030961434
20,7364,139916,147280,0.0828354155350353
21,7364,139916,147280,0.0939706681151548
22,7364,139916,147280,0.0848723519826181
23,7364,139916,147280,0.0865019011406844
24,7364,139916,147280,0.0798479087452472
25,7364,139916,147280,0.0900325909831613
26,7364,139916,147280,0.0839217816404128
27,7364,139916,147280,0.084057577403585
28,7364,139916,147280,0.0898967952199891
29,7364,139916,147280,0.0900325909831613
30,7364,139916,147280,0.08188484519283
31,7364,139916,147280,0.0871808799565454
32,7364,139916,147280,0.084736556219446
33,7364,139916,147280,0.0854155350353069
34,7364,139916,147280,0.08188484519283
35,7364,139916,147280,0.0885388375882672
36,7364,139916,147280,0.0865019011406844
37,7364,139916,147280,0.0873166757197175
38,7364,139916,147280,0.089082020640956
39,7364,139916,147280,0.0844649646931016
40,7364,139916,147280,0.0813416621401412
41,7364,139916,147280,0.0874524714828897
42,7364,139916,147280,0.0882672460619229
43,7364,139916,147280,0.0782183595871809
44,7364,139916,147280,0.0843291689299294
45,7364,139916,147280,0.0844649646931016
46,7364,139916,147280,0.084057577403585
47,7364,139916,147280,0.0856871265616513
48,7364,139916,147280,0.0875882672460619
49,7364,139916,147280,0.084736556219446
50,7364,139916,147280,0.0938348723519826
51,7364,139916,147280,0.0865019011406844
52,7364,139916,147280,0.0901683867463335
53,7364,139916,147280,0.0935632808256382
54,7364,139916,147280,0.0794405214557306
55,7364,139916,147280,0.0820206409560022
56,7364,139916,147280,0.0848723519826181
57,7364,139916,147280,0.0886746333514394
58,7364,139916,147280,0.0867734926670288
59,7364,139916,147280,0.0858229223248235
60,7364,139916,147280,0.0813416621401412
61,7364,139916,147280,0.0852797392721347
62,7364,139916,147280,0.08623030961434
63,7364,139916,147280,0.084736556219446
64,7364,139916,147280,0.0879956545355785
65,7364,139916,147280,0.0873166757197175
66,7364,139916,147280,0.0922053231939163
67,7364,139916,147280,0.0839217816404128
68,7364,139916,147280,0.0858229223248235
69,7364,139916,147280,0.0791689299293862
70,7364,139916,147280,0.0884030418250951
71,7364,139916,147280,0.0821564367191744
72,7364,139916,147280,0.0821564367191744
73,7364,139916,147280,0.0870450841933732
74,7364,139916,147280,0.0884030418250951
75,7364,139916,147280,0.0908473655621945
76,7364,139916,147280,0.0878598587724063
77,7364,139916,147280,0.0905757740358501
78,7364,139916,147280,0.0837859858772406
79,7364,139916,147280,0.0858229223248235
80,7364,139916,147280,0.079033134166214
81,7364,139916,147280,0.0905757740358501
82,7364,139916,147280,0.0848723519826181
83,7364,139916,147280,0.0875882672460619
84,7364,139916,147280,0.0852797392721347
85,7364,139916,147280,0.0816132536664856
86,7364,139916,147280,0.0806626833242803
87,7364,139916,147280,0.0844649646931016
88,7364,139916,147280,0.0855513307984791
89,7364,139916,147280,0.0867734926670288
90,7364,139916,147280,0.0856871265616513
91,7364,139916,147280,0.0860945138511678
92,7364,139916,147280,0.0894894079304726
93,7364,139916,147280,0.0820206409560022
94,7364,139916,147280,0.0885388375882672
95,7364,139916,147280,0.0924769147202607
96,7364,139916,147280,0.089760999456817
97,7364,139916,147280,0.0806626833242803
98,7364,139916,147280,0.08188484519283
99,7364,139916,147280,0.0893536121673004
100,7364,139916,147280,0.0826996197718631
101,7364,139916,147280,0.0879956545355785
102,7364,139916,147280,0.0816132536664856
103,7364,139916,147280,0.0820206409560022
104,7364,139916,147280,0.0874524714828897
105,7364,139916,147280,0.0833785985877241
106,7364,139916,147280,0.0874524714828897
107,7364,139916,147280,0.0779467680608365
108,7364,139916,147280,0.0837859858772406
109,7364,139916,147280,0.084736556219446
110,7364,139916,147280,0.0805268875611081
111,7364,139916,147280,0.0888104291146116
112,7364,139916,147280,0.0904399782726779
113,7364,139916,147280,0.0858229223248235
114,7364,139916,147280,0.0850081477457903
115,7364,139916,147280,0.0851439435089625
116,7364,139916,147280,0.0841933731667572
117,7364,139916,147280,0.0798479087452472
118,7364,139916,147280,0.0814774579033134
119,7364,139916,147280,0.0881314502987507
120,7364,139916,147280,0.0878598587724063
121,7364,139916,147280,0.089760999456817
122,7364,139916,147280,0.0854155350353069
123,7364,139916,147280,0.0879956545355785
124,7364,139916,147280,0.0786257468766974
125,7364,139916,147280,0.0860945138511678
126,7364,139916,147280,0.0825638240086909
127,7364,139916,147280,0.0878598587724063
128,7364,139916,147280,0.0873166757197175
129,7364,139916,147280,0.0848723519826181
130,7364,139916,147280,0.0814774579033134
131,7364,139916,147280,0.0799837045084193
132,7364,139916,147280,0.0802552960347637
133,7364,139916,147280,0.0806626833242803
134,7364,139916,147280,0.0889462248777838
135,7364,139916,147280,0.0858229223248235
136,7364,139916,147280,0.0856871265616513
137,7364,139916,147280,0.08188484519283
138,7364,139916,147280,0.0820206409560022
139,7364,139916,147280,0.0852797392721347
140,7364,139916,147280,0.0866376969038566
141,7364,139916,147280,0.089082020640956
142,7364,139916,147280,0.0896252036936448
143,7364,139916,147280,0.0893536121673004
144,7364,139916,147280,0.0905757740358501
145,7364,139916,147280,0.0848723519826181
146,7364,139916,147280,0.084057577403585
147,7364,139916,147280,0.0908473655621945
148,7364,139916,147280,0.0871808799565454
149,7364,139916,147280,0.0873166757197175
150,7364,139916,147280,0.0870450841933732
151,7364,139916,147280,0.0893536121673004
152,7364,139916,147280,0.0855513307984791
153,7364,139916,147280,0.0802552960347637
154,7364,139916,147280,0.0932916892992939
155,7364,139916,147280,0.0875882672460619
156,7364,139916,147280,0.0904399782726779
157,7364,139916,147280,0.0837859858772406
158,7364,139916,147280,0.0824280282455187
159,7364,139916,147280,0.0903041825095057
160,7364,139916,147280,0.0858229223248235
161,7364,139916,147280,0.0875882672460619
162,7364,139916,147280,0.0821564367191744
163,7364,139916,147280,0.08623030961434
164,7364,139916,147280,0.0856871265616513
165,7364,139916,147280,0.0846007604562738
166,7364,139916,147280,0.0867734926670288
167,7364,139916,147280,0.0850081477457903
168,7364,139916,147280,0.0837859858772406
169,7364,139916,147280,0.0835143943508962
170,7364,139916,147280,0.0892178164041282
171,7364,139916,147280,0.0851439435089625
172,7364,139916,147280,0.0833785985877241
173,7364,139916,147280,0.0908473655621945
174,7364,139916,147280,0.0820206409560022
175,7364,139916,147280,0.0810700706137969
176,7364,139916,147280,0.0850081477457903
177,7364,139916,147280,0.0825638240086909
178,7364,139916,147280,0.0809342748506247
179,7364,139916,147280,0.0859587180879957
180,7364,139916,147280,0.0893536121673004
181,7364,139916,147280,0.0877240630092341
182,7364,139916,147280,0.084057577403585
183,7364,139916,147280,0.0836501901140684
184,7364,139916,147280,0.0903041825095057
185,7364,139916,147280,0.0841933731667572
186,7364,139916,147280,0.0881314502987507
187,7364,139916,147280,0.0867734926670288
188,7364,139916,147280,0.091254752851711
189,7364,139916,147280,0.089082020640956
190,7364,139916,147280,0.0829712112982075
191,7364,139916,147280,0.0927485062466051
192,7364,139916,147280,0.0817490494296578
193,7364,139916,147280,0.0848723519826181
194,7364,139916,147280,0.0874524714828897
195,7364,139916,147280,0.0894894079304726
196,7364,139916,147280,0.0850081477457903
197,7364,139916,147280,0.0824280282455187
198,7364,139916,147280,0.0841933731667572
199,7364,139916,147280,0.0889462248777838
200,7364,139916,147280,0.0867734926670288
