"n_positive","n_null","n_total","mean_power","sd_power","q025","q25","median","q75","q975"
50,950,1000,0.2917,0.0371484865136018,0.2395,0.26,0.28,0.32,0.36
100,1900,2000,0.3097,0.0311409504345941,0.24975,0.29,0.31,0.33,0.38
200,3800,4000,0.2914,0.0251985083709453,0.249875,0.275,0.29,0.305,0.345125
400,7600,8000,0.3109625,0.0181954034658875,0.28,0.2975,0.3125,0.3225,0.3450625
800,15200,16000,0.3154375,0.0124985866035095,0.29121875,0.3075,0.315,0.3228125,0.34003125
1600,30400,32000,0.334571875,0.00863200627147181,0.317484375,0.329375,0.334375,0.340625,0.350640625
3200,60800,64000,0.3293359375,0.00636675937207093,0.3159140625,0.324375,0.329375,0.3334375,0.3409453125
6400,121600,128000,0.32672109375,0.00489421899476741,0.31765234375,0.3229296875,0.326640625,0.330234375,0.33533984375
7364,139916,147280,0.326734790874525,0.00435672926008866,0.3188484519283,0.323465507876154,0.326724606192287,0.329847908745247,0.335150733297121
